title,company,location,link
Python Developer,Seen by Indeed,"Austin, TX",https://www.indeed.com/jobs?q=python&limit=50&vjk=99345ff090923ecd
Python Scripting and Tool Development Online Instructor,The Los Angeles Film School,"Winter Park, FL",https://www.indeed.com/jobs?q=python&limit=50&vjk=84c5b3602e97e05a
Python Developer,Mphasis,Texas,https://www.indeed.com/jobs?q=python&limit=50&vjk=d63097e93c4bb358
Python Developer,Deemsys,"Columbus, OH",https://www.indeed.com/jobs?q=python&limit=50&vjk=d4cd484eae7dcb3a
IT positions for those looking for H1 Sponsorship - must be present in US,Digital iTechnology,"Round Rock, TX",https://www.indeed.com/jobs?q=python&limit=50&vjk=1a3105535d576d93
PHY Systems & Algorithm Engineer,Apple,"San Diego, CA",https://www.indeed.com/jobs?q=python&limit=50&vjk=86cc69381344f6fc
"C++ Software Engineer, 2+ Years, Robotics/Exoskeletons","Dephy, Inc.","Maynard, MA",https://www.indeed.com/jobs?q=python&limit=50&vjk=45c0d37e431bca7a
Senior Data Scientist,GEICO,"Chevy Chase, MD",https://www.indeed.com/jobs?q=python&limit=50&vjk=d84e5d61db5f3a21
SOFTWARE DEVELOPMENT INSTRUCTOR (Salaried),Ogden-Weber Technical College,"Ogden, UT",https://www.indeed.com/jobs?q=python&limit=50&vjk=30d6839c445014ae
Data Scientist - Entry Level,Pathrise,Remote,https://www.indeed.com/jobs?q=python&limit=50&vjk=602196c5ea2f32da
Premium Mentor: Frontend Web Development,Codecademy,Remote,https://www.indeed.com/jobs?q=python&limit=50&vjk=4a070ade722119e8
Sr. Python Developer,ConglomerateIT LLC,"McLean, VA",https://www.indeed.com/jobs?q=python&limit=50&vjk=3b7a1ed95e84952e
Python Programmer,Monash University,"San Francisco, CA",https://www.indeed.com/jobs?q=python&limit=50&vjk=055ce320d6850bdc
Python Engineer (All Levels),LeanTaaS,"Santa Clara, CA",https://www.indeed.com/jobs?q=python&limit=50&vjk=f19a09acc58559e2
"Jr. Back-end Developer, Python",Boxy Charm,"Pembroke Pines, FL",https://www.indeed.com/jobs?q=python&limit=50&vjk=983a9a109d1bc8ae
Python Developer Associate,Technology Ventures,"McLean, VA",https://www.indeed.com/jobs?q=python&limit=50&vjk=a34edfcb5ae67626
Python/ReactJS Software Developer,2nd Logic,"Los Angeles, CA",https://www.indeed.com/jobs?q=python&limit=50&vjk=7a20786987884274
Data Center Technician,"Amazon Data Services, Inc.","Chantilly, VA",https://www.indeed.com/jobs?q=python&limit=50&vjk=847657fba3a97306
Python Full Stack Developer,"Pocket-E, LLC","Novi, MI",https://www.indeed.com/jobs?q=python&limit=50&vjk=54540897e0ef61f4
Summer STEM Instructors,Black Rocket Productions,"Suffolk, VA",https://www.indeed.com/jobs?q=python&limit=50&vjk=c73bd1cebbc979c3
DJANGO - PYTHON DEVELOPER,IBL Education,"New York, NY",https://www.indeed.com/jobs?q=python&limit=50&vjk=17a0c1e79eb289a8
Junior Python Developer,INTELLECTYX DATA SCIENCE INDIA,"Junior, WV",https://www.indeed.com/jobs?q=python&limit=50&vjk=726eeee7424a87dc
Python Developer,Elite IT Professionals,"Norwalk, CT",https://www.indeed.com/jobs?q=python&limit=50&vjk=07207a79748c8983
Python Backend Developer,Lotus systems,"Bentonville, AR",https://www.indeed.com/jobs?q=python&limit=50&vjk=2b07393ea05f5a8a
Python Developer Professional,Technology Ventures,"McLean, VA",https://www.indeed.com/jobs?q=python&limit=50&vjk=fbcf6f7e01c20e2d
Jr. Python Developer,Expedite Technologies Solutions,"Plano, TX",https://www.indeed.com/jobs?q=python&limit=50&vjk=6830ec3e6d024964
Python Developer,SQAIT INC,"McLean, VA",https://www.indeed.com/jobs?q=python&limit=50&vjk=5333e5a5a6432dc0
Summer STEM/Technology Instructors,Black Rocket Productions,"Portsmouth, VA",https://www.indeed.com/jobs?q=python&limit=50&vjk=d6be9abe0550ac42
Intern Data Science-1,Warner Bros. Entertainment Group,"Burbank, CA",https://www.indeed.com/jobs?q=python&limit=50&vjk=9823e006ecd38a40
Jr. Python developer,Ace-stack LLC,"Frisco, TX",https://www.indeed.com/jobs?q=python&limit=50&vjk=7d956d35ccf949e0
"Business Analyst Rotation Program - Richmond, Va",CarMax,"Richmond, VA",https://www.indeed.com/jobs?q=python&limit=50&vjk=90cafd9deffe557e
Groovy/Python Developer with DeveOps Experience,Macvaar.inc,"McLean, VA",https://www.indeed.com/jobs?q=python&limit=50&vjk=77284764637ecd0f
Artist/ Animator,Warner Bros. Entertainment Group,"Chicago, IL",https://www.indeed.com/jobs?q=python&limit=50&vjk=2fbf91017b207d2f
Content Contributor: Python and Flask,Codecademy,Remote,https://www.indeed.com/jobs?q=python&limit=50&vjk=eeeeaca1d923b164
"Data Scientist - Sports Analytics (Full-Time, Entry-Level, Summer 2020)",Zelus Analytics,"Austin, TX",https://www.indeed.com/jobs?q=python&limit=50&vjk=8a3895ed10ce7a8e
Python Developer,ProSearch Nasscomm,"Bloomington, MN",https://www.indeed.com/jobs?q=python&limit=50&vjk=529b54c807a6aa2f
Python Developer,"PRIMUS Global Services, Inc","Los Angeles, CA",https://www.indeed.com/jobs?q=python&limit=50&vjk=1178f21f5fd49f84
Data Analyst,"Incept Data Solutions, Inc","Sterling, VA",https://www.indeed.com/jobs?q=python&limit=50&vjk=d272be08efeab4b2
Python Developer,Horizon Corp,"Pennington, NJ",https://www.indeed.com/jobs?q=python&limit=50&vjk=804559c8f8e947b1
Machine Translation Engineer,Acclaro Translating Global Business,United States,https://www.indeed.com/jobs?q=python&limit=50&vjk=c82109e23b746c66
Python Developer,Cogent Infotech,"Englewood, CO",https://www.indeed.com/jobs?q=python&limit=50&vjk=64ce5ada8ddfb8d2
Python Developer,Stratacent,"Pennsylvania, AL",https://www.indeed.com/jobs?q=python&limit=50&vjk=8e572030b33aed1c
Cloud/DevOps Training & Placement,"Dexter Systems,Inc.,","Leesburg, VA",https://www.indeed.com/jobs?q=python&limit=50&vjk=089ca65d1ddfdf18
Jr-Mid Python Developer,Vanjure,"Sterling, VA",https://www.indeed.com/jobs?q=python&limit=50&vjk=ffcb657b894dc00f
Quantitative Trader - Entry Level,Avatar Securities,"Chicago, IL",https://www.indeed.com/jobs?q=python&limit=50&vjk=d01efa8dad29efdc
Data Scientist (Python),Applied Memetics LLC,Remote,https://www.indeed.com/jobs?q=python&limit=50&vjk=0f16c57e35f21a63
Python Developer,Aethon Labs,"San Francisco Bay Area, CA",https://www.indeed.com/jobs?q=python&limit=50&vjk=33f3e80e2005ccde
Content Contributor: Data Analysis with R,Codecademy,Remote,https://www.indeed.com/jobs?q=python&limit=50&vjk=7502ecf2e0c40724
Technical Intelligence Internship - Summer 2020,"FireEye, Inc.","Reston, VA",https://www.indeed.com/jobs?q=python&limit=50&vjk=c7967a0fd5085e77
Python Developer Intern,OXO Solutions,"Ruby, SC",https://www.indeed.com/jobs?q=python&limit=50&vjk=84a541c104b5b24c
Coordinator with Python Knowledge,CA-One Tech Cloud Inc,"Sunnyvale, CA",https://www.indeed.com/jobs?q=python&limit=50&vjk=7c74f6bdd1957e15
Full Time Opportunities for Students or Recent Graduates: Data & Applied Sciences,Microsoft,"Redmond, WA",https://www.indeed.com/jobs?q=python&limit=50&vjk=11baba484db23433
"Python developer @ Princeton, NJ",CEDENT,"Princeton, NJ",https://www.indeed.com/jobs?q=python&limit=50&vjk=b76dd211f1fd7b9c
AEM QA,United Consulting LLC,"San Jose, CA",https://www.indeed.com/jobs?q=python&limit=50&vjk=fa06b850e54e6922
Python Developer,INSIGMA INC,"Winchester, CA",https://www.indeed.com/jobs?q=python&limit=50&vjk=f9143b59bfbc7198
Robotics,CCAM,"Disputanta, VA",https://www.indeed.com/jobs?q=python&limit=50&vjk=9369b3e5ec47ea1e
Entry Level Data Analyst,Hopjump,"Boston, MA",https://www.indeed.com/jobs?q=python&limit=50&vjk=2532431132ffbda1
"26 Technical Internships -- Manassas, VA",SWIFT,"Manassas, VA",https://www.indeed.com/jobs?q=python&limit=50&vjk=39939650b80cefd5
Python Developer,Ace-stack LLC,"Columbus, OH",https://www.indeed.com/jobs?q=python&limit=50&vjk=fe04ed3a955d69c0
Python Developer,Deemsys,"Columbus, OH",https://www.indeed.com/jobs?q=python&limit=50&vjk=d4cd484eae7dcb3a
Python Developer,Seen by Indeed,"Austin, TX",https://www.indeed.com/jobs?q=python&limit=50&vjk=99345ff090923ecd
Python Scripting and Tool Development Online Instructor,The Los Angeles Film School,"Winter Park, FL",https://www.indeed.com/jobs?q=python&limit=50&vjk=84c5b3602e97e05a
PHY Systems & Algorithm Engineer,Apple,"San Diego, CA",https://www.indeed.com/jobs?q=python&limit=50&vjk=86cc69381344f6fc
"C++ Software Engineer, 2+ Years, Robotics/Exoskeletons","Dephy, Inc.","Maynard, MA",https://www.indeed.com/jobs?q=python&limit=50&vjk=45c0d37e431bca7a
Entry level Data Analyst,Codersdata,"Cheyenne, WY",https://www.indeed.com/jobs?q=python&limit=50&vjk=7cc2f0a82d9c2cfe
Entry Level Analyst,Black Knight Technology Inc.,"Dahlgren, VA",https://www.indeed.com/jobs?q=python&limit=50&vjk=6cca914914a58108
Data Scientist,Mars,United States,https://www.indeed.com/jobs?q=python&limit=50&vjk=d83ab7918f655fe2
Statistical Programmer,Addx Corporation,"Alexandria, VA",https://www.indeed.com/jobs?q=python&limit=50&vjk=0ffe242271b358dd
Python Developer,Rural Sourcing Inc.,"Fort Wayne, IN",https://www.indeed.com/jobs?q=python&limit=50&vjk=865cf05cdac1f3b9
"DevOps Engineer - Python, Ansible","Computer Enterprises, Inc.","Philadelphia, PA",https://www.indeed.com/jobs?q=python&limit=50&vjk=51be40100c2f2715
Marketing Analyst,Elephant Insurance,"Henrico, VA",https://www.indeed.com/jobs?q=python&limit=50&vjk=0fb0bd954e7ed891
"Full Stack Developer – Node.js, JavaScript, PHP, Python, Git, Jenkins","PRIMUS Global Services, Inc","Herndon, VA",https://www.indeed.com/jobs?q=python&limit=50&vjk=27aa6fdd75c1e39e
Python Developer,Precision Technologies Corp,"Tennessee City, TN",https://www.indeed.com/jobs?q=python&limit=50&vjk=5bcb8223eb19d058
Python Developer,Revive Systems LLC,"Houston, TX",https://www.indeed.com/jobs?q=python&limit=50&vjk=5d44ab533c0f377d
Python Developer,Pricesenz,"Minneapolis, MN",https://www.indeed.com/jobs?q=python&limit=50&vjk=fe090482b2f83eb0
Python Developer,Wework Solutions Inc,"Miami, FL",https://www.indeed.com/jobs?q=python&limit=50&vjk=f1328952bf828081
"Data Engineer (Python, All Levels) - Charlotte",LeanTaaS,"Charlotte, NC",https://www.indeed.com/jobs?q=python&limit=50&vjk=4d5f0e4808f339e4
python developer (w2 only),infolob,"McLean, VA",https://www.indeed.com/jobs?q=python&limit=50&vjk=a45f9aa12d308d44
Python Developer,"Simplex info systems inc.,","Atlanta, GA",https://www.indeed.com/jobs?q=python&limit=50&vjk=5e197bf9a8478ba7
Python Developer,rpo international,"Houston, TX",https://www.indeed.com/jobs?q=python&limit=50&vjk=a4cb25e7f731ef9f
Python Software Engineer,BlindData,"New York, NY",https://www.indeed.com/jobs?q=python&limit=50&vjk=af4486f116dd6bb5
Music Composer,Gearbox Software,"Frisco, TX",https://www.indeed.com/jobs?q=python&limit=50&vjk=e0120791fafd200d
CE API Specialist - Worldwide,kraken,Remote,https://www.indeed.com/jobs?q=python&limit=50&vjk=a7c4344df4855845
Python Developer,Schrödinger,"New York, NY",https://www.indeed.com/jobs?q=python&limit=50&vjk=3488965b61f80838
Instructors - STEM/ Technology Summer Camp,Black Rocket Productions,"Chesapeake, VA",https://www.indeed.com/jobs?q=python&limit=50&vjk=73aa02dbb6b51293
Sr. Python Developer,Ektha Solutions,"Sunnyvale, CA",https://www.indeed.com/jobs?q=python&limit=50&vjk=8ae840fcd5cea116
Python Developer,Disys,"Baltimore, MD",https://www.indeed.com/jobs?q=python&limit=50&vjk=858a2218b3fe5185
Python Developer with Pytest,Qentelli,"Nashville, TN",https://www.indeed.com/jobs?q=python&limit=50&vjk=2dfc50df5288e1a0
BI Developer,,"Harrisonburg, VA",https://www.indeed.com/jobs?q=python&limit=50&vjk=15eacf4786351c45
Jr Python Quantitative Developer,Freddie Mac,"McLean, VA",https://www.indeed.com/jobs?q=python&limit=50&vjk=c09466828dcbca1f
Product DevOps Engineer,VIDIZMO LLC,Virginia,https://www.indeed.com/jobs?q=python&limit=50&vjk=e7ca217eef18ed88
Consulting Professors,Saylor Academy,Remote,https://www.indeed.com/jobs?q=python&limit=50&vjk=edb0eb6a7ba31772
Senior Python Developer,Upsg,"Westborough, MA",https://www.indeed.com/jobs?q=python&limit=50&vjk=34284a35703478e1
Python Developer,Akra Tech,Remote,https://www.indeed.com/jobs?q=python&limit=50&vjk=b4746b42ba857a6b
Python Developer,Evalueserve,"New York, NY",https://www.indeed.com/jobs?q=python&limit=50&vjk=01bec8624bd7aa16
Modeler,Walt Disney Animation Studios,"Burbank, CA",https://www.indeed.com/jobs?q=python&limit=50&vjk=7d1eb97edd2e5553
Data Analyst,Nolij Consulting,"Falls Church, VA",https://www.indeed.com/jobs?q=python&limit=50&vjk=60ee9ff701fa026f
Sr. Python Developer,Nextek Service Inc,"San Diego, CA",https://www.indeed.com/jobs?q=python&limit=50&vjk=4e38e737b3c3596d
STEM/ Technology Instructors,Black Rocket Productions,"McLean, VA",https://www.indeed.com/jobs?q=python&limit=50&vjk=0ad750db5580128a
Meteorological Field Scientist,CyberData Technologies,"Sterling, VA",https://www.indeed.com/jobs?q=python&limit=50&vjk=471fe071ecf91655
Data Scientist,Quovant.com,"Nashville, TN",https://www.indeed.com/jobs?q=python&limit=50&vjk=82f4ea3322b32e5f
PYTHON DEVELOPER,Pythonwise,"Seattle, WA",https://www.indeed.com/jobs?q=python&limit=50&vjk=1a20a1c56fb7df73
Python Developer,Horizontal Integration,"Plano, TX",https://www.indeed.com/jobs?q=python&limit=50&vjk=9258f97d620c6a88
Jr. Full Stack Python Developer,RIP Medical Debt,"New York, NY",https://www.indeed.com/jobs?q=python&limit=50&vjk=7c3248901c943599
Python Application Developer,Progressive Technology Federal Systems,"Springfield, VA",https://www.indeed.com/jobs?q=python&limit=50&vjk=212da69ae8013e42
DOSIMETRIST PROTON,Inova Health System,"Falls Church, VA",https://www.indeed.com/jobs?q=python&limit=50&vjk=152061d8c055d130
Cyber Internships- Summer 2020 (Maryland),Perspecta Labs,"Basking Ridge, NJ",https://www.indeed.com/jobs?q=python&limit=50&vjk=9556ee8be9b03440
Python Developer,premier it solutions,"San Francisco Bay Area, CA",https://www.indeed.com/jobs?q=python&limit=50&vjk=4c27953d5e5b2277
QA Analyst - Remote,Agnos,Remote,https://www.indeed.com/jobs?q=python&limit=50&vjk=6b927c0492b6379e
Senior Python Developer Gilbert Arizona,NovaTech,"Gilbert, AZ",https://www.indeed.com/jobs?q=python&limit=50&vjk=fb22fad18a913a0d
Python Developer,Highbrow Technologies,"Bellevue, WA",https://www.indeed.com/jobs?q=python&limit=50&vjk=70912d7ae92ee088
Mapping Annotation Operator,Toyota Research Institute,"Los Altos, CA",https://www.indeed.com/jobs?q=python&limit=50&vjk=4f64572e396ca650
Data Scientist (All Levels) - Charlotte,LeanTaaS,"Charlotte, NC",https://www.indeed.com/jobs?q=python&limit=50&vjk=ed9c9715efc9574b
Python Developer,Region Technologies Inc,"Phoenix, AZ",https://www.indeed.com/jobs?q=python&limit=50&vjk=c508c732c4cbc096
Python Developer,Mphasis,Texas,https://www.indeed.com/jobs?q=python&limit=50&vjk=d63097e93c4bb358
Senior Data Scientist,GEICO,"Chevy Chase, MD",https://www.indeed.com/jobs?q=python&limit=50&vjk=d84e5d61db5f3a21
SOFTWARE DEVELOPMENT INSTRUCTOR (Salaried),Ogden-Weber Technical College,"Ogden, UT",https://www.indeed.com/jobs?q=python&limit=50&vjk=30d6839c445014ae
IT positions for those looking for H1 Sponsorship - must be present in US,Digital iTechnology,"Round Rock, TX",https://www.indeed.com/jobs?q=python&limit=50&vjk=1a3105535d576d93
